	id
0	100307
1	100408
2	101006
3	101107
4	101309
5	101410
6	101915
7	102008
8	102311
9	102816
10	103111
11	103414
12	103515
13	103818
14	104820
15	105014
16	105115
17	105216
18	106016
19	106319
20	106521
21	107321
22	107422
23	108121
24	108323
25	108525
26	108828
27	109123
28	109325
29	110411
30	111312
31	111413
32	111716
33	113215
34	113619
35	113922
36	114419
37	114924
38	115320
39	116524
40	117122
41	117324
42	118528
43	118730
44	118932
45	119833
46	120111
47	120212
48	120515
49	121618
50	122317
51	122620
52	123117
53	123420
54	123925
55	124220
56	124422
57	124826
58	125525
59	126325
60	126628
61	127630
62	127933
63	128127
64	128632
65	129028
66	130013
67	130316
68	130922
69	131217
70	131722
71	131924
72	133019
73	133625
74	133827
75	133928
76	134324
77	135225
78	135528
79	135932
80	136227
81	136833
82	137027
83	137128
84	137633
85	137936
86	138231
87	138534
88	139233
89	139637
90	140117
91	140824
92	140925
93	141422
94	141826
95	142626
96	142828
97	143325
98	144832
99	145834
100	146331
101	146432
102	147030
103	147737
104	148032
105	148335
106	148840
107	148941
108	149337
109	149539
110	149741
111	150423
112	150524
113	150625
114	150726
115	151223
116	151526
117	151627
118	151728
119	152831
120	153025
121	153429
122	153833
123	154431
124	154734
125	154835
126	154936
127	155231
128	155635
129	156233
130	156637
131	157336
132	157437
133	158035
134	158136
135	158540
136	159138
137	159239
138	159340
139	159441
140	160123
141	160830
142	161327
143	161630
144	161731
145	162026
146	162228
147	162329
148	162733
149	163129
150	163331
151	163432
152	163836
153	164030
154	164131
155	164939
156	166438
157	167036
158	167743
159	168139
160	168341
161	169444
162	170934
163	171633
164	172029
165	172130
166	172332
167	172534
168	172938
169	173334
170	173435
171	173536
172	173940
173	175035
174	175439
175	176542
176	177645
177	178142
178	178748
179	178849
180	178950
181	179346
182	179548
183	180129
184	180432
185	180836
186	180937
187	181131
188	181232
189	182739
190	183034
191	185139
192	185442
193	186141
194	187143
195	187547
196	187850
197	188347
198	189349
199	189450
200	190031
201	191033
202	191336
203	191841
204	192439
205	192540
206	192843
207	193239
208	194140
209	194645
210	194847
211	195041
212	195849
213	196144
214	196750
215	197348
216	197550
217	198350
218	198451
219	198855
220	199150
221	199453
222	199655
223	199958
224	200109
225	200614
226	201111
227	201414
228	201818
229	203418
230	204016
231	204521
232	205119
233	205220
234	205725
235	205826
236	208024
237	208226
238	208327
239	209834
240	209935
241	210011
242	210415
243	210617
244	211215
245	211316
246	211417
247	211720
248	211922
249	212116
250	212217
251	212318
252	212419
253	214019
254	214221
255	214423
256	214726
257	217126
258	217429
259	221319
260	224022
261	231928
262	233326
263	239944
264	245333
265	246133
266	249947
267	250427
268	250932
269	251833
270	255639
271	256540
272	268850
273	280739
274	284646
275	285345
276	285446
277	290136
278	293748
279	298051
280	298455
281	303119
282	303624
283	304020
284	307127
285	308331
286	310621
287	316633
288	329440
289	334635
290	339847
291	351938
292	352132
293	352738
294	355239
295	356948
296	361941
297	365343
298	366042
299	366446
300	371843
301	377451
302	380036
303	382242
304	385450
305	386250
306	390645
307	395958
308	397154
309	397760
310	397861
311	412528
312	414229
313	415837
314	422632
315	433839
316	436239
317	436845
318	441939
319	445543
320	448347
321	465852
322	473952
323	475855
324	479762
325	480141
326	485757
327	486759
328	497865
329	499566
330	500222
331	510326
332	519950
333	522434
334	530635
335	531536
336	540436
337	541943
338	545345
339	547046
340	552544
341	559053
342	561242
343	562446
344	565452
345	566454
346	567052
347	567961
348	568963
349	570243
350	573249
351	573451
352	579665
353	580044
354	581349
355	583858
356	585862
357	586460
358	592455
359	594156
360	598568
361	599469
362	599671
363	601127
364	613538
365	620434
366	622236
367	623844
368	627549
369	638049
370	644044
371	645551
372	654754
373	665254
374	672756
375	673455
376	677968
377	679568
378	680957
379	683256
380	687163
381	690152
382	695768
383	702133
384	704238
385	705341
386	709551
387	713239
388	715041
389	729557
390	732243
391	734045
392	742549
393	748258
394	748662
395	749361
396	751348
397	753251
398	756055
399	759869
400	761957
401	765056
402	770352
403	771354
404	779370
405	782561
406	784565
407	786569
408	788876
409	789373
410	792564
411	792766
412	802844
413	814649
414	816653
415	826353
416	826454
417	833148
418	833249
419	837560
420	837964
421	845458
422	849971
423	856766
424	857263
425	859671
426	861456
427	865363
428	871762
429	871964
430	872764
431	877269
432	885975
433	887373
434	889579
435	894673
436	896778
437	896879
438	898176
439	899885
440	901038
441	901139
442	901442
443	904044
444	907656
445	910241
446	912447
447	917255
448	922854
449	930449
450	932554
451	951457
452	957974
453	958976
454	959574
455	965367
456	965771
457	978578
458	979984
459	983773
460	984472
461	987983
462	991267
463	992774
464	994273
